db0fd9700a71ab92edcd626cf5bc38a5	hello hono example	1 file	public	2025-04-03T08:39:16Z
0392c3712e128501638bea4c1e828ff1	SQL file to create db and table	1 file	public	2025-04-02T23:08:49Z
33b040ac1fdf8d1ae6b0066cf887db38	This is a gist created by ofetch.	1 file	public	2025-03-17T01:37:37Z
dc719ab26d5e1e14962b401fc20d693b	Solana On-Chain Analytics. Week 2	2 files	public	2025-03-17T00:39:43Z
cfd40b331ef3294d7222acee2308e4a7	responsive	3 files	public	2025-01-15T02:50:56Z
1def6ec48b3486671710aa0e701db261	Deno SQLite3	1 file	public	2025-01-13T03:35:34Z
b3209e2fa485fc86699bedd9f7d26911	resizeObserver.js	3 files	public	2025-01-11T22:43:12Z
03996508721816cf839f30ed9002e9c3	Responsive Iframe	1 file	public	2025-01-11T22:33:33Z
1280f732a223b836012d6d292999e2c3	Three.js - Responsive	5 files	public	2025-01-06T01:36:14Z
e521050bbb2c66208fcde12463cbd126	Mint an NFT Using Pinata and Crossmint	1 file	public	2024-06-08T08:27:37Z
72045e0c439b81e7dcd4ca04444958a8	Mint an NFT Using Pinata and Crossmint	1 file	public	2024-06-08T08:27:36Z
7137ebf500596c5a28786f971648be8f	Testing command for RIP-7212	1 file	public	2024-02-08T04:10:17Z
5bafbe46ba47485bd37299e0fbb0c5a1	Express JS Routing examples for YouTube video series on Express	3 files	public	2023-06-13T20:20:50Z
67cb4e3e6ad9a0d49653b2cf5f4f160f	Code from video about using the chrome dev tools console	3 files	public	2023-06-13T02:36:10Z
7b5a556eb501a0dce88171486ee26582	Code from Video on building Custom Response Objects	3 files	public	2023-06-12T14:54:04Z
715239ca90c943d5b754fecd94949f3e	Code from video about generating UUIDs with JavaScript	2 files	public	2023-06-11T07:05:28Z
973af17ed3efe97eab811896cbb6e529	main-branch.md	1 file	public	2023-06-11T07:05:11Z
3e99fd0e6a8d05ef273a1c871daceee1	main-branch.md	1 file	public	2023-06-11T07:05:09Z
d6a7be65a328c0199d807087ec5d5c91	hello	1 file	public	2023-04-25T21:26:06Z
64f6364ca399174c6723959ec63d7693	string-html.html	1 file	public	2023-04-25T21:17:13Z
f83b8387214868ba37fb1cb97f886864	Code from video on color-scheme and prefers-color-scheme	1 file	public	2023-04-24T05:18:06Z
12a895b8aed4864b08ec8866a998cd5b	Code from video on color-scheme and prefers-color-scheme	1 file	public	2023-04-24T05:18:03Z
84dbeacc2e3cd7cc5ae18c7fc165c421	Code for Service Workers 8 - Messaging between Clients and Workers	4 files	public	2023-04-24T01:57:32Z
76f302f4ca04bf21e72713c306636b23	css-backgrounds.html	1 file	public	2023-04-23T12:11:30Z
ef2482a4f9b2a6a8446bcaed61c4e838	css-backgrounds.html	1 file	public	2023-04-23T12:11:30Z
ca7e1d278df38982716ab6e72ab8b0a2	formdata.html	2 files	public	2023-04-23T09:38:39Z
1739bc9ad4dca9537a935d62eb14be0e	async-await-fetch.html	1 file	public	2023-04-23T08:09:10Z
81f38ac96d3dbe908bda8d9616682f94	square-brackets.js	1 file	public	2023-04-22T16:03:30Z
605bd0a4c9126e97679beaec14a2a070	grid-auto-flow.html	1 file	public	2023-04-19T20:56:42Z
79f7d393e56e889a8f00835fe689daa2	How to create an HTTPS certificate for localhost domains	1 file	public	2023-04-17T03:57:23Z
2dd2bd4c51450a40e9899152d514ba20	web-work.js	1 file	public	2023-04-15T22:32:29Z
f9dae24289aff554800fbcf13a2b19f4	web-workers.html	1 file	public	2023-04-15T22:32:25Z
8e963660f2f0537f65710e738e520c1d	Code from video about Queue Data Structures	6 files	public	2023-04-15T19:00:12Z
c07b9132571d6313adbe1570de3a6622	Code from video about all the CSS Math functions - min, max, clamp, calc, and minmax	2 files	public	2023-04-15T18:05:39Z
9e00f55704d84c0dae063b6187c52fe1	Code from video about all the CSS Math functions - min, max, clamp, calc, and minmax	3 files	public	2023-04-15T18:35:30Z
64282bc6e3c500ab5a306c67fe4d0089	fetch-request-headers.js	1 file	public	2023-04-15T17:44:33Z
19d48f808fc2468aac343e73f2840450	box-sizing.html	1 file	public	2023-04-15T17:42:13Z
f06c6a71278cc6da097d6a02f22b0a13	div-span.html	1 file	public	2023-04-15T17:18:58Z
90f455d7a5bd5f2fe0b59dbb5b58e4c3	Code from video about import-maps	4 files	public	2023-04-15T17:13:43Z
b780b3f9ed727727942d64d04da48977	Code sample for background image tints through CSS	2 files	public	2023-04-15T16:33:50Z
6d2468ff2aba383398fb4784b015cbd9	The Docker Macot	1 file	public	2023-02-19T12:01:28Z
479df60a8b274067ca872b3cc044539f	The entire table of ANSI color codes.	1 file	public	2023-02-17T06:53:14Z
53ad4e3e1011a6d3fba5ee31a59d32bd	The import() expression | JAVASCRIPT	2 files	public	2023-01-05T23:20:39Z
d365c2e1281cc22d9569e758bf58613e	OCKTOCAT ASCII ART	1 file	public	2023-06-13T02:53:48Z
d8a35fb2f0c41d2ba9289772bf5ba5cd	PREACT | Vanilla JS, Htm, No Build Step, Tiny File Size	1 file	public	2023-01-05T05:23:19Z
850b73d7201c86d8a587ee46c7a56678	Use D3 Runtime API in Plain JavaScript to make cells a native part of your website, where they can be rearranged and will inherit the surrounding styles.	1 file	public	2023-01-03T08:28:20Z
f87881cedecd6f2e24e8943c40d37e54	Complete list of github markdown emoji markup	1 file	public	2022-12-30T18:15:06Z
824c4157396925c17a8cf81a4030099c	Complete list of github markdown emoji markup	1 file	public	2023-01-22T01:59:23Z
b45afad83b3330b36a1f16cac709b409	A Tiny Web Server	1 file	public	2022-12-30T18:21:00Z
954bb6c6afb7818286885074ab1c2099	Cloudflare Workers Cryptocurrency Slack Bot	2 files	public	2022-12-17T17:03:52Z
2e19edbde1fe7fb966258e039d1af08e	Zdog - no Illustration, SVG	5 files	public	2022-11-09T08:27:45Z
9223b5b2cc68e23ed03c2edd47d6f8d2	Zdog - no Illustration, SVG	5 files	public	2022-11-09T08:26:34Z
1b5a13d8f102f39efe37116263b5aad9	Zdog - no Illustration, canvas	5 files	public	2022-11-09T08:23:34Z
25f4aa4fdc1169bf5de8691fe55c74c9	GNU License Template	1 file	public	2022-11-09T08:04:01Z
9713db585c5f29998d765d8488a8b2d2	BabylonJS Dot Files	7 files	public	2022-10-23T21:00:57Z
5a34b10667931b4990369c8706839066	Edge Tools Launch Config	1 file	public	2022-09-14T16:54:18Z
43bf459a5612765e222b05a6d0720338	Falling Fractal Snow	4 files	public	2022-09-14T15:53:56Z
10121f82a220285d201eb383fc3b56fc	Falling Fractal Snow	4 files	public	2022-09-13T02:03:35Z
bb0a520ca2bd36b9b9efc0a084672001	Deno HTTP Server	1 file	public	2022-07-12T12:32:57Z
5f5cd8ccea13285e5f3af756db22c2f8	Handlebars example	1 file	public	2022-10-30T22:09:15Z
617b4e0a9ae8df0f6847df0015056ac6	Carbon Config	1 file	public	2022-06-10T19:54:36Z
d4b8ab63f6a68403e49efc6a4824b8a5	GLSL/JavaScript Template Literal Shader Program	5 files	public	2022-05-30T04:26:46Z
1edd5ea76700d59515bedfce50ba4fb9	Deploy a Static Site to Github Pages	1 file	public	2022-05-30T00:17:35Z
2c00fba976d25b30407e2ccdc07aaa78	webgl-tips-screenshot-good	1 file	public	2022-05-12T04:00:13Z
7f144988fa48fa3178f745baa8ed6826	Audio Visualizer Shader	1 file	public	2022-05-12T03:09:59Z
6f4293cbbcc5b51756c45a0a5cf6d5c6	Keybase	1 file	public	2022-04-08T05:31:24Z
32ddeba83d4b122ccfe3463812121905	GLSL snippets for visual studio code/kode studio	1 file	public	2022-03-26T16:08:55Z
73f803fd659ca8d074e9ee21be8be851	Light / Dark Mode Toggle Switch	4 files	public	2022-03-21T19:31:23Z
9b644acf2c438994066591586cc5fcf2	Mermaid Markdown Diagrams	1 file	public	2022-03-16T03:07:47Z
ca8e16a4d9d78dd3b20cd1d47a346f07	canvas	1 file	public	2022-03-06T10:17:43Z
9d63682e53cb133749483da4c8d86d22	vite	1 file	public	2022-03-05T21:31:37Z
af15ac1f479ccceda11192e09580c58a	fonts	1 file	public	2022-03-05T20:38:54Z
3e5387cf490520fd4517b6ff96139e2e	htm-ssr-direct.js	2 files	public	2022-03-04T03:01:52Z
f048e6ace756e77463e8e7f15d3aa1b9	htm-ssr-direct.js	2 files	public	2022-03-04T03:01:51Z
c3d44972acddeceed5e3f2d5b95dadf4	Vite	1 file	public	2022-03-01T10:46:06Z
7b265fc858565057ac024aa7a22edfcf	Raw, Parsed, Destructured, Type Cast Data	1 file	public	2022-02-15T07:44:43Z
ae9e115c07c19484a89acdc239f0efc2	Example of InjectManifest in Workbox v5	2 files	public	2022-01-30T17:59:42Z
248bbceaf81dc4cc7c3defb3b1870ca8	Grin	1 file	public	2022-01-21T23:26:03Z
50fcc3f37a9e1fb7bc8278c0d05f6814	JS Module Imports	1 file	public	2022-01-21T08:04:29Z
fda02fb4c9db01a6b2f9e5d1dd899c85	Electron-WSS	6 files	public	2021-12-19T00:34:49Z
f53dbbdcc128969309abf034b6f13e1d	Electron Fiddle Gist	6 files	public	2021-12-18T15:12:01Z
ddee26a705b61b60c79cb041e4c67336	Project Euler	1 file	public	2021-12-18T09:21:45Z
21fa391d4b23c9ec08fb79434ad111a9	candlesticks	1 file	public	2021-12-18T04:30:18Z
ca7e6473d52c3323d52dc2a2072287ee	ElectronTray	2 files	public	2021-12-17T01:47:28Z
e36afa511c01d3b22db1c1437a3c9f38	BrowserWindowTransparency	3 files	public	2021-12-16T23:50:57Z
56804a87363791da3706947c14eddcf9	Epicyclic Gearing	5 files	public	2021-12-16T02:03:22Z
d3a0dbcf75614485b30c6050ef353de7	Running a "full-featured" REPL using a net.Server and net.Socket	2 files	public	2021-12-16T01:42:44Z
369f9817d530bdabc06f2d6ff405f0b8	Electron Installers	1 file	public	2021-12-16T01:41:51Z
eb58bd7a6882a9b4d3790c5a964a33d1	HTTP STATUS_CODES	1 file	public	2021-12-16T01:37:50Z
e8a726f8d23fd2b3575af95bcba79d57	Tachyons	1 file	public	2021-12-15T11:51:32Z
21e197ac3ffd5aa51ccf9e88c9230fc5	Bl.ocks.org	1 file	public	2021-12-15T10:48:34Z
fc0091e329806683661a7f28c5fbc1a7	License Types	1 file	public	2021-12-15T10:46:07Z
10e8cad82f7c93ae511140928ebcce8f	Confetti	1 file	public	2021-12-15T10:27:21Z
95aa0431490e9a1087f269098c9092aa	Websockets	1 file	public	2021-12-15T03:16:47Z
7f7c7bfcef06ff135f043d1fa1060b9a	RunKit	1 file	public	2021-12-15T02:09:38Z
de9ee6e89b0c1b7adad4ca0a4bb35728	React Notes	1 file	public	2021-12-14T23:49:45Z
27cff189b6bc157699fb8f649d5ab840	Seed a Prisma DB with npx	1 file	public	2021-12-05T06:24:31Z
ebe8b672d7e3996b263156f6aad40e81	How to use npx to run gist based scripts	3 files	public	2021-12-05T06:13:54Z
fc145ff7eb6e02920ec2691274c54037	npx Hello World	1 file	public	2021-12-05T06:12:19Z
87b464fa6432f9250628b32847cc4fc9	Simple Express Server	1 file	public	2022-01-19T04:54:23Z
